EMP_CODE,ORG_NAME,ORG_CITY,EMP_PER_OUTLET,ORG_TYPE,EXPANSION,RECONCILIATION,WHY_NO_POS,LANGUAGE_PREF,PAYMENT_PREF,PAYMENT_AMOUNT,INTERNET_ACCESS,INTERNET_PROVIDER,INTERNET_DISRUPTION,DEPLOYMENT_PREF,BUSINESS_IMPROVEMENT,STORE_CUST_DATA,OFFER_DISCOUNTS,COMPETITIVE_ADVANTAGE,ORG_CITY_CLEAN
33409,Al syed medical store,Islamabad,Less than 5,Single Outlet,Yes,Yes,I am happy with how my business is managed presently,"Both, English & Urdu",Onetime payment, (Yearly),No,Na,Never,Web-based,Yes,Yes,Yes,No,ISL
36750,Sohaib Computer,Islamabad,Less than 5,Single Outlet,Yes,Yes,"Don’t want to spend money, I am happy with how my business is managed presently, Tax purposes","Both, English & Urdu",Monthly recurring, (Monthly),No,None,No internet,Web-based,Yes,No,No,Yes,ISL
34729,Inam cosmetic,Rawalpindi,Less than 5,Single Outlet,No,No,I am happy with how my business is managed presently,"Both, English & Urdu",Monthly recurring, (5000),No,None,Never,Standalone,Yes,Yes,Yes,No,RWP
33409,Reco tradors,Islamabad,Less than 5,Multiple outlets,Yes,Yes,Tax purposes,Urdu,Yearly plan, (Yearly ),No,Na,No internet,Web-based,Yes,Yes,Yes,No,ISL
33409,Archee electronics,Islamabad,Less than 5,Single Outlet,Yes,Yes,Don’t want to spend money,English,Onetime payment, (Na),Yes,Naya tel,Sometimes,Web-based,Yes,Yes,Yes,Yes,ISL
36750,Zaki General Store,Rawalpindi,Less than 5,Single Outlet,Yes,Yes,"Don’t want to spend money, I am happy with how my business is managed presently, Tax purposes","Both, English & Urdu",Monthly recurring, (Monthly),No,None,No internet,Standalone,Yes,No,Yes,Yes,RWP
35918,Xyz,Karachi,Less than 5,Single Outlet,Yes,Yes,Don’t want to spend money,English,Yearly plan, (10000),Yes,Local net,Little,Standalone,Yes,No,No,No,KHI
36750,Haseeb Print Shop,Islamabad,Less than 5,Single Outlet,Yes,Yes,"Don’t want to spend money, I am happy with how my business is managed presently, Tax purposes","Both, English & Urdu",Monthly recurring, (Monthly),No,None,No internet,Standalone,Yes,No,Yes,Yes,ISL
36731,Eithsham kiryana store,islamabad,Less than 5,Single Outlet,Yes,Yes,I am happy with how my business is managed presently,"Both, English & Urdu",Monthly recurring, (other),No,None,No internet,Standalone,Yes,No,No,No,ISL
36585,adeel safdar,Rawalpindi,Less than 5,Single Outlet,Yes,No,"I am happy with how my business is managed presently, It never crossed my mind to have such a system",English,Yearly plan, (yearly),Yes,wafi,Never,Web-based,Yes,No,No,Yes,RWP
36731,Cxm,islamabad,More than 5 but less than 10,Single Outlet,Yes,No,"I am happy with how my business is managed presently, I have reservations with technology","Both, English & Urdu",Onetime payment, (other),No,none,No internet,Standalone,Yes,No,No,No,ISL
36585,bakir ali,Rawalpindi,Less than 5,Single Outlet,Yes,Yes,"It never crossed my mind to have such a system, Tax purposes",English,Yearly plan,,Yes,data,Never,Web-based,No,No,No,Yes,RWP
36585,waar kiyani,rawarpindi,Less than 5,Single Outlet,Yes,No,Tax purposes,English,Yearly plan, (yearly),Yes,wafi,Never,Web-based,Yes,No,Yes,Yes,RWP
36585,ayaz niaz,Rawalpindi,Less than 5,Single Outlet,Yes,No,I am happy with how my business is managed presently,English,Yearly plan, (yearly),No,i dont have internet service,Never,Web-based,Yes,No,Yes,Yes,RWP
36731,Lasani dairy milk shop,islamabad,More than 10,Single Outlet,Yes,Yes,I am happy with how my business is managed presently,"Both, English & Urdu",Monthly recurring," (20,000)",No,none,No internet,Standalone,Yes,No,No,No,ISL
36585,noman,rawarpindi,Less than 5,Single Outlet,Yes,No,Tax purposes,English,Monthly recurring, (monthly),Yes,wafi,Never,Web-based,Yes,No,Yes,Yes,RWP
36585,bilal,Rawalpindi,Less than 5,Single Outlet,Yes,Yes,Tax purposes,English,Yearly plan, (yearly),No,mobile data,Never,Web-based,Yes,No,No,Yes,RWP
36731,khalid bakers,Islamabad,Less than 5,Single Outlet,Yes,No,I am happy with how my business is managed presently,Urdu,Onetime payment," (30,000)",No,none,No internet,Standalone,No,No,Yes,No,ISL
36750,Haseeb Print Shop,Islamabad,Less than 5,Single Outlet,Yes,Yes,"Don’t want to spend money, I am happy with how my business is managed presently, I have reservations with technology","Both, English & Urdu",Monthly recurring, (Monthly),No,None,No internet,Standalone,Yes,No,No,Yes,ISL
36750,Sohaib Computer,Islamabad,Less than 5,Single Outlet,Yes,Yes,"Don’t want to spend money, I am happy with how my business is managed presently, I have reservations with technology","Both, English & Urdu",Monthly recurring, (Monthly),No,None,No internet,Standalone,Yes,No,No,Yes,ISL
36750,Zaki General Store,Rawalpindi,Less than 5,Single Outlet,Yes,Yes,"Don’t want to spend money, I am happy with how my business is managed presently, I have reservations with technology",Urdu,Monthly recurring, (Monthly),No,None,No internet,Standalone,Yes,No,No,Yes,RWP
35198,Ideal botique,Rawal pindi,Less than 5,Single Outlet,Yes,Yes,I am happy with how my business is managed presently,Urdu,Yearly plan, (Beacuse i cant pay in short time),Yes,PTCL,Sometimes,Web-based,No,No,Yes,No,RWP
36585,waqar khan,islamabad,Less than 5,Single Outlet,Yes,No,It never crossed my mind to have such a system,English,Monthly recurring, (monthly),Yes,wafi,Sometimes,Web-based,Yes,Yes,No,Yes,ISL
36585,izhar khan,Rawalpindi,Less than 5,Single Outlet,Yes,No,Tax purposes,English,Yearly plan, (yearly),No,i dont have internet service,Never,Standalone,Yes,No,Yes,Yes,RWP
36731,Shah G super store,Islamabad,More than 5 but less than 10,Single Outlet,Yes,No,"I am happy with how my business is managed presently, Tax purposes",Urdu,Onetime payment," (50,000)",No,None,No internet,Standalone,Yes,No,No,No,ISL
37459,Baryan auto,Islamabad,Less than 5,Single Outlet,Yes,No,Don’t want to spend money,"Both, English & Urdu",Onetime payment, (20bk),Yes,Ptcl,Little,Standalone,No,No,Yes,No,ISL
36731,Iftikhar and sons,Islamabad,More than 10,Single Outlet,Yes,Yes,"I am happy with how my business is managed presently, I have reservations with technology, Tax purposes","Both, English & Urdu",Monthly recurring, (100000),Yes,ptcl,Little,Web-based,Yes,Yes,Yes,Yes,ISL
30859,Medi health,Islamabad,Less than 5,Single Outlet,Yes,No,"Don’t want to spend money, I am happy with how my business is managed presently, I have reservations with technology","Both, English & Urdu",Monthly recurring, (Monthly plan easy ),No,Na,No internet,Web-based,Yes,No,No,Yes,ISL
35198,Muneeb garments,Rawal pindi,Less than 5,Single Outlet,Yes,No,I don't know,Urdu,Monthly recurring, (I cant pay in one time),No,No internet access,Never,Web-based,No,No,Yes,No,RWP
36731,cloth zoo,Islamabad,Less than 5,Single Outlet,Yes,Yes,I am happy with how my business is managed presently,Urdu,Onetime payment, (35000),No,none,Sometimes,Standalone,Yes,Yes,No,No,ISL
35198,Faziaya cloth,Rawal Pindi,Less than 5,Single Outlet,No,No,Don’t want to spend money,"Both, English & Urdu",Yearly plan, (I cant pay in one time),No,No internet access,No internet,Standalone,No,Yes,Yes,No,RWP
36731,Sijad clothes,Rawalpindi,Less than 5,Single Outlet,Yes,Yes,I am happy with how my business is managed presently,Urdu,Onetime payment," (50,000)",No,none,No internet,Standalone,No,No,No,No,RWP
35198,Noor Electric,Rawal pindi,Less than 5,Single Outlet,Yes,No,I don't know,"Both, English & Urdu",Monthly recurring, (I cant pay in one time),No,No internet,No internet,Web-based,No,No,Yes,No,RWP
36750,Danish General Store,Rawalpindi,Less than 5,Single Outlet,Yes,Yes,"Don’t want to spend money, I am happy with how my business is managed presently, Tax purposes","Both, English & Urdu",Monthly recurring, (Monthly),No,None,No internet,Standalone,Yes,No,Yes,Yes,RWP
36750,Aftab Electric Corporation,Islamabad,Less than 5,Single Outlet,Yes,Yes,"Don’t want to spend money, I am happy with how my business is managed presently, I have reservations with technology","Both, English & Urdu",Yearly plan, (Yearly),No,None,No internet,Standalone,Yes,No,No,Yes,ISL
35918,Lassi communication,Karachi,Less than 5,Single Outlet,Yes,Yes,I am happy with how my business is managed presently,Urdu,Onetime payment, (1000),No,Not available,No internet,Web-based,Yes,No,Yes,No,KHI
10182,Pakiza Pansaari Shop,Karachi,Less than 5,Single Outlet,No,No,I am happy with how my business is managed presently,Urdu,Yearly plan,,Yes,Local net,Sometimes,Web-based,Yes,No,Yes,Yes,KHI
36750,Riphah University,Rawalpindi,More than 10,Multiple outlets,Yes,Yes,I have reservations with technology,"Both, English & Urdu",Monthly recurring, (Monthly),Yes,PTCL,Little,Web-based,Yes,Yes,Yes,Yes,RWP
36750,Ahmed Typing Institute,Rawalpindi,More than 10,Single Outlet,Yes,Yes,"I am happy with how my business is managed presently, Tax purposes","Both, English & Urdu",Monthly recurring, (Monthly),No,None,No internet,Web-based,Yes,Yes,Yes,Yes,RWP
35918,Muhattamiq dawa khana,Karachi,Less than 5,Single Outlet,Yes,No,"Don’t want to spend money, I am happy with how my business is managed presently","Both, English & Urdu",Yearly plan, (2500),No,No internet,No internet,Standalone,No,No,Yes,No,KHI
36750,Akram Furniture,Islamabad,More than 5 but less than 10,Single Outlet,Yes,Yes,Don’t want to spend money,"Both, English & Urdu",Monthly recurring, (Monthly),No,None,No internet,Standalone,Yes,No,Yes,Yes,ISL
35198,Tawaqal book center,Rawal pindi,Less than 5,Single Outlet,Yes,Yes,I don't know,"Both, English & Urdu",Onetime payment, (One time ),Yes,Tanda,Sometimes,Standalone,Yes,Yes,Yes,No,RWP
36750,Karwan e Mustafa (Travel Agency),Islamabad,Less than 5,Single Outlet,Yes,Yes,Don’t want to spend money,"Both, English & Urdu",Monthly recurring, (Monthly),No,None,No internet,Standalone,Yes,Yes,Yes,Yes,ISL
36750,Amir Furniture,Islamabad,Less than 5,Single Outlet,Yes,Yes,Don’t want to spend money,"Both, English & Urdu",Monthly recurring, (Monthly),No,None,No internet,Standalone,Yes,Yes,Yes,Yes,ISL
36607,Life optical,Karachi,Less than 5,Single Outlet,No,No,I am happy with how my business is managed presently,English,Yearly plan, (10000),Yes,Ptcl,Sometimes,Standalone,No,No,Yes,No,KHI
36750,Aqib Cleaners,Islamabad,Less than 5,Single Outlet,Yes,Yes,Don’t want to spend money,"Both, English & Urdu",Monthly recurring, (Monthly),No,None,No internet,Standalone,Yes,Yes,Yes,Yes,ISL
35918,Azam pan shop,Karachi,Less than 5,Single Outlet,Yes,Yes,Don’t want to spend money,Urdu,Yearly plan, (1000),No,Not available,No internet,Standalone,Yes,No,No,Yes,KHI
10182,Khadija Pansaari Shop,Karachi,Less than 5,Single Outlet,Yes,No,Don’t want to spend money,Urdu,Yearly plan,,No,No internet,No internet,Standalone,No,No,Yes,No,KHI
30859,Rajoot julers,Islamabad,Less than 5,Single Outlet,Yes,No,"Don’t want to spend money, I am happy with how my business is managed presently","Both, English & Urdu",Yearly plan, (Preferable),No,No,No internet,Web-based,Yes,No,No,Yes,ISL
36750,High Rise,Islamabad,More than 5 but less than 10,Single Outlet,Yes,Yes,I am happy with how my business is managed presently,"Both, English & Urdu",Monthly recurring, (Monthly),Yes,PTCL,Little,Standalone,Yes,Yes,Yes,Yes,ISL
10182,Akhter General Store,Karachi,Less than 5,Single Outlet,No,No,I don't know,"Both, English & Urdu",Yearly plan, (6 month),No,N/A,No internet,Standalone,No,No,No,No,KHI
35918,Akmal dawa khana,Karachi,Less than 5,Single Outlet,Yes,Yes,I am happy with how my business is managed presently,Urdu,Onetime payment, (100),No,No internet,No internet,Standalone,Yes,No,Yes,No,KHI
36607,Nadia Electronics,Karachi,Less than 5,Single Outlet,Yes,Yes,It never crossed my mind to have such a system,English,Monthly recurring, (50000),No,N/A,No internet,Standalone,Yes,No,Yes,Yes,KHI
33409,Bags and bags,Islamabad,Less than 5,Single Outlet,Yes,Yes,Don’t want to spend money,English,Onetime payment, (Na),No,Na,No internet,Web-based,No,Yes,Yes,No,ISL
10182,Ayesha Communications,Karachi,Less than 5,Single Outlet,No,No,I am happy with how my business is managed presently,Urdu,Monthly recurring, (2500),No,No internet,No internet,Standalone,No,No,No,Yes,KHI
35918,Mashallah store,Karachi,Less than 5,Multiple outlets,Yes,No,Don’t want to spend money,Urdu,Yearly plan, (8750),No,No internet,No internet,Standalone,Yes,No,No,No,KHI
33409,saqib garments,islamabad,Less than 5,Single Outlet,Yes,Yes,"Don’t want to spend money, I am happy with how my business is managed presently",English,Onetime payment, (na),No,na,No internet,Web-based,No,Yes,Yes,No,ISL
33409,ali medicos,islamabad,Less than 5,Single Outlet,Yes,Yes,Don’t want to spend money,English,Onetime payment, (na),No,na,No internet,Web-based,No,Yes,Yes,No,ISL
35918,Serena  Communication,Karachi,Less than 5,Single Outlet,Yes,Yes,I am happy with how my business is managed presently,Urdu,Monthly recurring, (1000),Yes,Local Internet,Sometimes,Standalone,Yes,Yes,No,No,KHI
35918,Rehman garments,Karachi,Less than 5,Single Outlet,Yes,No,I am happy with how my business is managed presently,Urdu,Monthly recurring, (300),No,No internet,No internet,Standalone,No,No,Yes,No,KHI
35918,Saify Toys,Karachi,Less than 5,Single Outlet,Yes,No,I am happy with how my business is managed presently,Urdu,Monthly recurring, (1000),No,No internet,No internet,Standalone,No,No,Yes,No,KHI
35918,White club store,Karachi,Less than 5,Single Outlet,Yes,No,"Don’t want to spend money, It never crossed my mind to have such a system",Urdu,Monthly recurring, (1500),No,No internet,No internet,Standalone,No,No,No,No,KHI
36607,Cool&nicks Saloon,Karachi,More than 5 but less than 10,Single Outlet,Yes,Yes,Don’t want to spend money,"Both, English & Urdu",Onetime payment, (8000),Yes,Cable net,A lot,Standalone,Yes,No,No,No,KHI
35918,Wear zone,Karachi,Less than 5,Single Outlet,Yes,No,It never crossed my mind to have such a system,"Both, English & Urdu",Monthly recurring, (1200),No,No internet,No internet,Standalone,No,No,Yes,No,KHI
36750,Cellmore,Rawalpindi,More than 5 but less than 10,Single Outlet,Yes,Yes,I am happy with how my business is managed presently,"Both, English & Urdu",Monthly recurring, (Monthly),No,None,No internet,Standalone,Yes,Yes,Yes,Yes,RWP
36750,Naqshaz.Pk,Islamabad,More than 10,Single Outlet,Yes,Yes,I am happy with how my business is managed presently,"Both, English & Urdu",Monthly recurring, (Monthly),Yes,Nayatel,Never,Web-based,Yes,Yes,Yes,Yes,ISL
36750,KB Woods,Islamabad,More than 10,Single Outlet,Yes,Yes,I am happy with how my business is managed presently,"Both, English & Urdu",Monthly recurring, (Monthly),No,None,No internet,Standalone,Yes,Yes,Yes,Yes,ISL
10182,Iqbal Aitmad fabrics,Karachi,Less than 5,Single Outlet,Yes,Yes,I am happy with how my business is managed presently,Urdu,Monthly recurring, (4000),No,No internet,No internet,Standalone,Yes,No,Yes,No,KHI
31607,Khattak general store,Rawalpindi,Less than 5,Single Outlet,Yes,Yes,I am happy with how my business is managed presently,Other: (I am not educated),Monthly recurring, (2000),Yes,Local cable,Never,Web-based,Yes,Yes,No,No,RWP
36607,Sonu jee,Karachi,More than 10,Single Outlet,Yes,No,It never crossed my mind to have such a system,English,Onetime payment, (9000),Yes,Net division,Sometimes,Standalone,No,Yes,Yes,No,KHI
10182,Haji zanjeer Khan,Karachi,Less than 5,Single Outlet,Yes,No,I am happy with how my business is managed presently,Urdu,Monthly recurring, (2000),No,No internet,No internet,Standalone,Yes,No,Yes,No,KHI
31607,United Electric Store,Rawalpindi,Less than 5,Single Outlet,Yes,Yes,I am happy with how my business is managed presently,Urdu,Onetime payment, (It should be free of cost ),No,No internet,No internet,Standalone,No,Yes,No,No,RWP
10182,Iqbal aitemaad fabrics,Khi,Less than 5,Single Outlet,No,No,Don’t want to spend money,Urdu,Monthly recurring, (1200),No,No internet,No internet,Standalone,No,No,Yes,No,KHI
36750,Fahad Carpets,Islamabad,More than 5 but less than 10,Single Outlet,Yes,Yes,I am happy with how my business is managed presently,"Both, English & Urdu",Monthly recurring, (Monthly),No,None,No internet,Web-based,Yes,Yes,Yes,Yes,ISL
36750,Laptop Solution,Rawalpindi,Less than 5,Single Outlet,Yes,Yes,I am happy with how my business is managed presently,"Both, English & Urdu",Monthly recurring, (Monthly),No,None,No internet,Standalone,Yes,Yes,Yes,Yes,RWP
36750,KIPS,Islamabad,More than 10,Multiple outlets,Yes,Yes,I am happy with how my business is managed presently,"Both, English & Urdu",Monthly recurring, (Monthly),Yes,Nayatel,Little,Standalone,Yes,Yes,Yes,Yes,ISL
36750,PAK MAC,Islamabad,More than 10,Multiple outlets,Yes,Yes,I am happy with how my business is managed presently,"Both, English & Urdu",Monthly recurring, (Monthly),Yes,PTCL,Little,Standalone,Yes,Yes,Yes,Yes,ISL
31607,Al jannat jernal Store,Rawalpindi,More than 5 but less than 10,Single Outlet,Yes,Yes,Don’t want to spend money,"Both, English & Urdu",Monthly recurring, (3000),Yes,Nayal Tel,Little,Web-based,Yes,Yes,No,No,RWP
35918,Maryum Optics,Karachi,Less than 5,Single Outlet,Yes,Yes,It never crossed my mind to have such a system,"Both, English & Urdu",Monthly recurring, (1000),Yes,Locat internet,A lot,Standalone,Yes,No,Yes,Yes,KHI
33409,The wool shop,Islamabad,Less than 5,Single Outlet,Yes,Yes,Don’t want to spend money,Urdu,Onetime payment, (Na),No,Na,No internet,Web-based,Yes,Yes,Yes,Yes,ISL
33409,Faisal cloth house,Islamabad,More than 5 but less than 10,Single Outlet,Yes,Yes,Don’t want to spend money,"Both, English & Urdu",Onetime payment, (Na),No,Na,No internet,Web-based,Yes,Yes,Yes,Yes,ISL
33409,Glamour fabrics,Islamabad,Less than 5,Single Outlet,Yes,Yes,Don’t want to spend money,English,Onetime payment, (Na),No,Na,No internet,Web-based,Yes,Yes,Yes,Yes,ISL
33409,Sila jewelers,Islamabad,Less than 5,Single Outlet,Yes,Yes,Don’t want to spend money,English,Onetime payment, (Na),No,Na,No internet,Web-based,Yes,Yes,Yes,Yes,ISL
33409,Rehan book shop,Islamabad,Less than 5,Single Outlet,Yes,Yes,Don’t want to spend money,English,Onetime payment, (Na),No,Na,No internet,Web-based,Yes,No,Yes,Yes,ISL
33409,Khursheed bhai chasme. Wala,Islamabad,Less than 5,Single Outlet,Yes,Yes,Don’t want to spend money,English,Onetime payment, (Na),No,Na,No internet,Web-based,Yes,No,Yes,Yes,ISL
33409,Ishraa beding store,Islamabad,Less than 5,Single Outlet,Yes,Yes,Don’t want to spend money,"Both, English & Urdu",Monthly recurring, (Na),No,Na,No internet,Web-based,Yes,No,Yes,Yes,ISL
33409,Sadique books,Islamabad,Less than 5,Single Outlet,Yes,Yes,Don’t want to spend money,English,Onetime payment, (Na),No,Na,No internet,Web-based,Yes,No,Yes,Yes,ISL
34314,United Medical Store,Rawalpindi,Less than 5,Single Outlet,No,No,I am happy with how my business is managed presently,English,Yearly plan, (Other),No,No idea,No internet,Standalone,No,No,No,No,RWP
33409,Zaid cloth house,Islamabad,Less than 5,Single Outlet,Yes,Yes,Don’t want to spend money,English,Onetime payment, (Na),No,Na,No internet,Web-based,Yes,No,Yes,Yes,ISL
33409,Azhat brother General store,Islamabad,Less than 5,Single Outlet,Yes,Yes,Don’t want to spend money,"Both, English & Urdu",Yearly plan, (Na),No,Na,No internet,Web-based,Yes,No,Yes,Yes,ISL
33409,Gulshan pan store,Islamabad,Less than 5,Single Outlet,Yes,Yes,Don’t want to spend money,"Both, English & Urdu",Monthly recurring, (Na),No,Na,No internet,Web-based,Yes,No,Yes,Yes,ISL
36731,zaman mobile,islamabad,Less than 5,Single Outlet,Yes,No,I am happy with how my business is managed presently,"Both, English & Urdu",Yearly plan, (100000),Yes,Ptcl,Little,Standalone,No,No,No,No,ISL
33409,Menu store,Islamabad,Less than 5,Single Outlet,Yes,Yes,Don’t want to spend money,"Both, English & Urdu",Monthly recurring, (Na),No,Na,No internet,Web-based,Yes,No,Yes,Yes,ISL
33409,Sunny gifts gallery,Islamabad,Less than 5,Single Outlet,Yes,Yes,Don’t want to spend money,"Both, English & Urdu",Monthly recurring, (Nq),No,Na,No internet,Web-based,Yes,No,Yes,Yes,ISL
33409,Orient prints and publishers,Islamabad,Less than 5,Single Outlet,Yes,Yes,Don’t want to spend money,"Both, English & Urdu",Onetime payment, (Na),Yes,Nayatel,Sometimes,Web-based,Yes,No,Yes,Yes,ISL
33409,Al faisal cloths,Islamabad,Less than 5,Single Outlet,Yes,Yes,Don’t want to spend money,"Both, English & Urdu",Monthly recurring, (Na),No,Na,No internet,Web-based,Yes,No,Yes,Yes,ISL
30859,Colour stationery,Islamabad,Less than 5,Single Outlet,No,Yes,"Don’t want to spend money, I have reservations with technology, It never crossed my mind to have such a system",English,Onetime payment, (25000),Yes,Niya tel,Little,Web-based,Yes,No,No,Yes,ISL
33409,Kainat rice,Islamabad,More than 5 but less than 10,Multiple outlets,Yes,Yes,Don’t want to spend money,"Both, English & Urdu",Yearly plan, (Na),No,Na,No internet,Web-based,Yes,No,Yes,Yes,ISL
37459,Ali pharmacy and cosmetics G-11 Markaz,Islamabad,More than 5 but less than 10,Multiple outlets,Yes,No,I have reservations with technology,English,Onetime payment, (Pkr),Yes,Ptcl,Never,Web-based,Yes,Yes,Yes,No,ISL
33409,Imran sports,Islamabad,Less than 5,Single Outlet,Yes,Yes,Don’t want to spend money,"Both, English & Urdu",Monthly recurring, (Na),No,Na,No internet,Web-based,Yes,No,Yes,Yes,ISL
33409,Zeb tradors,Islamabad,Less than 5,Single Outlet,Yes,No,Don’t want to spend money,Urdu,Monthly recurring, (Na),No,Na,No internet,Web-based,Yes,No,Yes,No,ISL
33409,New pak auto,Islamabad,Less than 5,Single Outlet,Yes,Yes,Don’t want to spend money,Urdu,Onetime payment, (Na),No,Na,No internet,Web-based,Yes,No,Yes,Yes,ISL
37459,Servis shoes,Islamabad,Less than 5,Multiple outlets,Yes,No,Don’t want to spend money,English,Onetime payment, (50k),Yes,Ptcl,Never,Standalone,Yes,No,No,No,ISL
33409,Vicky autos,Islamabad,Less than 5,Single Outlet,Yes,Yes,Don’t want to spend money,"Both, English & Urdu",Monthly recurring, (Nq),No,Na,No internet,Web-based,Yes,No,Yes,Yes,ISL
33409,Kohat oil traders,Islamabad,Less than 5,Single Outlet,Yes,Yes,"I am happy with how my business is managed presently, I have reservations with technology, It never crossed my mind to have such a system, Tax purposes","Both, English & Urdu",Monthly recurring, (Na),No,Na,No internet,Web-based,Yes,No,Yes,Yes,ISL
37459,Pakeez super variety store,Islmabad,Less than 5,Single Outlet,Yes,No,"Don’t want to spend money, It never crossed my mind to have such a system",English,Onetime payment, (60k),No,None,No internet,Standalone,No,No,No,No,ISL
33409,Nowshera auto decorations,Islamabad,Less than 5,Single Outlet,Yes,Yes,"Don’t want to spend money, I am happy with how my business is managed presently","Both, English & Urdu",Monthly recurring, (Na),No,Na,No internet,Web-based,Yes,No,Yes,Yes,ISL
33409,Zain. Autos,Islamabad,Less than 5,Single Outlet,Yes,Yes,Don’t want to spend money,"Both, English & Urdu",Monthly recurring, (Na),No,Na,No internet,Web-based,Yes,No,Yes,Yes,ISL
33409,Lucky cement,Islamabad,Less than 5,Single Outlet,Yes,Yes,"Don’t want to spend money, I am happy with how my business is managed presently","Both, English & Urdu",Monthly recurring, (Nq),No,Na,No internet,Web-based,Yes,No,Yes,Yes,ISL
769,Al Khair Chemist,Karachi,Less than 5,Single Outlet,No,No,I am happy with how my business is managed presently,English,Monthly recurring, (10000),No,Not available,No internet,Standalone,No,No,Yes,No,KHI
769,Bata Comfort Shoes,Karachi,Less than 5,Single Outlet,No,No,I have reservations with technology,Other: (Article base),Yearly plan, (50000),No,Do not have Internet,No internet,Standalone,Yes,No,Yes,No,KHI
36731,ghazi mobiles,islamabad,Less than 5,Single Outlet,Yes,Yes,"I am happy with how my business is managed presently, I have reservations with technology, Tax purposes","Both, English & Urdu",Onetime payment, (50000),Yes,ptcl,Little,Standalone,No,No,No,No,ISL
36731,Matloob computer,Rawalpindi,Less than 5,Single Outlet,Yes,Yes,"I am happy with how my business is managed presently, I have reservations with technology","Both, English & Urdu",Yearly plan, (30000),No,none,No internet,Standalone,Yes,No,Yes,No,RWP
35918,Expecturm,Karachi,Less than 5,Multiple outlets,Yes,Yes,Don’t want to spend money,Urdu,Yearly plan, (9600),No,No internet,No internet,Standalone,No,No,Yes,No,KHI
37472,isaaf,rawalpindi,Less than 5,Multiple outlets,Yes,No,"Don’t want to spend money, I am happy with how my business is managed presently",English,Yearly plan, (80k),Yes,ptcl,Never,Web-based,No,No,No,No,RWP
769,Waris Medical Store,Karachi,Less than 5,Multiple outlets,No,No,I am happy with how my business is managed presently,English,Monthly recurring, (5000),No,No internet,No internet,Standalone,No,No,Yes,No,KHI
769,Shokat Daires,Karachi,More than 5 but less than 10,Multiple outlets,No,No,I have reservations with technology,English,Yearly plan, (Not willing to have POS),No,No Internet,No internet,Standalone,No,No,No,No,KHI
36585,abid ahmad,Rawalpindi,Less than 5,Single Outlet,Yes,Yes,Tax purposes,Urdu,Monthly recurring, (monthly),Yes,wafi,Sometimes,Web-based,Yes,No,Yes,Yes,RWP
36750,Inam Decorations,Rawalpindi,More than 5 but less than 10,Single Outlet,Yes,Yes,I am happy with how my business is managed presently,"Both, English & Urdu",Monthly recurring, (Monthly),No,None,No internet,Standalone,Yes,Yes,Yes,Yes,RWP
36750,Noreen Parlour,Islamabad,More than 5 but less than 10,Single Outlet,Yes,Yes,I am happy with how my business is managed presently,"Both, English & Urdu",Monthly recurring, (Monthly),No,None,No internet,Standalone,Yes,Yes,Yes,Yes,ISL
36750,Care Plus,Islamabad,More than 5 but less than 10,Single Outlet,Yes,Yes,I am happy with how my business is managed presently,"Both, English & Urdu",Monthly recurring, (Monthly),Yes,PTCL,Little,Standalone,Yes,Yes,Yes,Yes,ISL
36731,Bismillah general store,islamabad,Less than 5,Single Outlet,Yes,Yes,"Don’t want to spend money, I am happy with how my business is managed presently",Urdu,Onetime payment, (15000),No,none,No internet,Standalone,No,No,No,No,ISL
36731,Khan G general store,Islamabad,More than 10,Single Outlet,Yes,Yes,I am happy with how my business is managed presently,"Both, English & Urdu",Monthly recurring, (50000),No,none,No internet,Standalone,No,No,No,No,ISL
36750,Shumail Photographer,Islamabad,Less than 5,Single Outlet,Yes,Yes,I am happy with how my business is managed presently,"Both, English & Urdu",Monthly recurring, (Monthly),No,None,No internet,Standalone,Yes,Yes,Yes,Yes,ISL
36731,Rana Bakers,Islamabad,Less than 5,Single Outlet,Yes,Yes,"Don’t want to spend money, I am happy with how my business is managed presently","Both, English & Urdu",Onetime payment, (20000),No,none,No internet,Standalone,Yes,No,No,No,ISL
36750,Sweedish Institute,Rawalpindi,More than 10,Multiple outlets,Yes,Yes,I am happy with how my business is managed presently,"Both, English & Urdu",Monthly recurring, (Monthly),Yes,PTCL,Little,Web-based,Yes,Yes,Yes,Yes,RWP
36750,Tasty Foods,Rawalpindi,More than 10,Multiple outlets,Yes,Yes,I am happy with how my business is managed presently,"Both, English & Urdu",Monthly recurring, (Monthly),Yes,PTCL,Sometimes,Standalone,Yes,Yes,Yes,Yes,RWP
36750,TMAX Mobile,Islamabad,More than 5 but less than 10,Single Outlet,Yes,Yes,I am happy with how my business is managed presently,"Both, English & Urdu",Monthly recurring, (Monthly),Yes,PTCL,Sometimes,Standalone,Yes,Yes,Yes,Yes,ISL
36750,Uber PWD,Islamabad,More than 10,Chain,Yes,Yes,I am happy with how my business is managed presently,"Both, English & Urdu",Monthly recurring, (Monthly),Yes,Nayatel,Sometimes,Web-based,Yes,Yes,Yes,Yes,ISL
32117,M.Safeer Electronic,Karachi,Less than 5,Single Outlet,No,No,I am happy with how my business is managed presently,"Both, English & Urdu",Yearly plan, (.),Yes,Fariya,Sometimes,Web-based,No,No,Yes,No,KHI
36575,Sabir electronics,Karachi,Less than 5,Single Outlet,Yes,No,Don’t want to spend money,"Both, English & Urdu",Yearly plan, (5000),Yes,Tp link,Sometimes,Web-based,Yes,Yes,Yes,Yes,KHI
36575,Sufyain electronics,Karachi,More than 5 but less than 10,Single Outlet,Yes,No,I am happy with how my business is managed presently,"Both, English & Urdu",Onetime payment, (15000),Yes,Tp link,Little,Standalone,Yes,Yes,Yes,No,KHI
36575,Man pasand cold spot,Karachi,Less than 5,Single Outlet,Yes,Yes,It never crossed my mind to have such a system,"Both, English & Urdu",Yearly plan, (7000),Yes,Fariya,Little,Web-based,No,Yes,Yes,No,KHI
32117,Shahid Motiwala,Karachi,Less than 5,Single Outlet,Yes,Yes,I don't know,"Both, English & Urdu",Onetime payment, (.),No,No internet,No internet,Web-based,Yes,No,No,Yes,KHI
32117,Saad Motiwala Shop Name,Karachi,More than 5 but less than 10,Chain,Yes,No,Don’t want to spend money,"Both, English & Urdu",Yearly plan, (No need),Yes,Tp link,A lot,Web-based,No,No,Yes,No,KHI
36575,NM electronics,Karachi,Less than 5,Single Outlet,Yes,Yes,I am happy with how my business is managed presently,Urdu,Onetime payment, (_),No,Not available,No internet,Web-based,Yes,Yes,Yes,Yes,KHI
32117,Quality Corner,Karachi,Less than 5,Single Outlet,Yes,No,Don’t want to spend money,"Both, English & Urdu",Monthly recurring, (1000),No,3G,Little,Web-based,Yes,No,No,No,KHI
36575,Sabir solar,Karachi,Less than 5,Single Outlet,Yes,Yes,I am happy with how my business is managed presently,"Both, English & Urdu",Monthly recurring, (Depend on the offer ),No,Mobile data,Never,Standalone,Yes,Yes,Yes,No,KHI
36575,Sanghani brothers,Karachi,Less than 5,Single Outlet,Yes,Yes,I am happy with how my business is managed presently,Urdu,Onetime payment, (1000),Yes,PTCL,Sometimes,Standalone,Yes,Yes,Yes,Yes,KHI
32117,Arsalan Shabbir,Karachi,Less than 5,Single Outlet,Yes,Yes,It never crossed my mind to have such a system,"Both, English & Urdu",Monthly recurring, (Negotiate),Yes,Zong 4G,Little,Web-based,Yes,Yes,No,Yes,KHI
35804,Fatima communaction,Karachi,Less than 5,Single Outlet,Yes,Yes,It never crossed my mind to have such a system,"Both, English & Urdu",Monthly recurring, (8000),No,Not avilable,No internet,Standalone,Yes,No,Yes,Yes,KHI
36575,Hussain electronics,Karachi,Less than 5,Single Outlet,Yes,Yes,It never crossed my mind to have such a system,"Both, English & Urdu",Onetime payment, (Depend on the price ),Yes,Ptcl,Sometimes,Standalone,Yes,Yes,Yes,No,KHI
32117,MAX Power,Karachi,Less than 5,Single Outlet,Yes,No,I am happy with how my business is managed presently,"Both, English & Urdu",Monthly recurring,,No,Ptcl,A lot,Web-based,No,No,No,No,KHI
32117,Active Electronic,Karachi,Less than 5,Single Outlet,Yes,No,It never crossed my mind to have such a system,"Both, English & Urdu",Monthly recurring, (Depend on the System),No,No internet,No internet,Web-based,Yes,No,No,No,KHI
36575,QWeletronics,Karachi,Less than 5,Single Outlet,Yes,Yes,It never crossed my mind to have such a system,Urdu,Onetime payment, (Depend on the offer ),No,Mobile data,Never,Web-based,Yes,Yes,Yes,Yes,KHI
32117,J.FRAGRANCE,Karachi,Less than 5,Chain,Yes,Yes,I am happy with how my business is managed presently,English,Monthly recurring, (Depend on System),No,Mobile Data,A lot,Web-based,Yes,Yes,Yes,No,KHI
35918,Shoaib Optics,Karachi,Less than 5,Single Outlet,Yes,No,I am happy with how my business is managed presently,English,Onetime payment, (0),No,No internet,No internet,Standalone,No,No,Yes,Yes,KHI
35804,Al syed medical store,Karachi,Less than 5,Single Outlet,Yes,Yes,Don’t want to spend money,English,Monthly recurring, (5000),No,Not available,No internet,Web-based,Yes,No,Yes,Yes,KHI
36607,Snow white,Karachi,Less than 5,Multiple outlets,Yes,No,I am happy with how my business is managed presently,"Both, English & Urdu",Monthly recurring, (400),Yes,Ptcl,A lot,Standalone,Yes,Yes,Yes,No,KHI
36575,Asif electronics,Karachi,Less than 5,Single Outlet,Yes,Yes,I am happy with how my business is managed presently,"Both, English & Urdu",Yearly plan, (Depend on the offer ),Yes,Ptcl,Never,Web-based,Yes,Yes,Yes,Yes,KHI
36575,Pro light and sounds,Karachi,Less than 5,Single Outlet,Yes,Yes,I am happy with how my business is managed presently,"Both, English & Urdu",Yearly plan, (-),Yes,Ptcl,Never,Web-based,Yes,Yes,Yes,Yes,KHI
35918,Mega city,Karachi,Less than 5,Single Outlet,Yes,No,I am happy with how my business is managed presently,English,Onetime payment, (0),Yes,Local,A lot,Standalone,No,No,Yes,No,KHI
32117,Amin Electronic,Karachi,Less than 5,Single Outlet,Yes,Yes,I don't know,"Both, English & Urdu",Monthly recurring, (3000),No,Sky Net,Little,Web-based,Yes,No,No,No,KHI
36607,M Afzal Garments,Karachi,Less than 5,Single Outlet,Yes,Yes,I am happy with how my business is managed presently,English,Onetime payment, (12000),Yes,Local,Little,Standalone,Yes,No,No,No,KHI
32117,Imran,Karachi,Less than 5,Single Outlet,Yes,No,Don’t want to spend money,"Both, English & Urdu",Monthly recurring, (Depend on System),No,Mobile data,Sometimes,Web-based,Yes,No,No,No,KHI
35804,Rayan electronic,Karachi,Less than 5,Single Outlet,Yes,Yes,I don't know,"Both, English & Urdu",Onetime payment, (50000),No,Not available,No internet,Standalone,Yes,No,No,No,KHI
35804,Shaheen precast,Karachi,Less than 5,Single Outlet,Yes,No,Don’t want to spend money,"Both, English & Urdu",Onetime payment, (20000),No,Not available,No internet,Standalone,Yes,No,No,No,KHI
35804,Ro- safe water technology,Karachi,More than 5 but less than 10,Single Outlet,Yes,Yes,Don’t want to spend money,"Both, English & Urdu",Onetime payment, (10000),No,Not available,No internet,Web-based,Yes,Yes,Yes,Yes,KHI
35804,New marhaba electric store,Karachi,More than 5 but less than 10,Single Outlet,Yes,Yes,It never crossed my mind to have such a system,"Both, English & Urdu",Onetime payment, (10000),No,Not available,No internet,Standalone,Yes,No,Yes,No,KHI
36575,Banyas,Karachi,More than 5 but less than 10,Single Outlet,Yes,Yes,I am happy with how my business is managed presently,"Both, English & Urdu",Yearly plan,,Yes,No,Sometimes,Web-based,Yes,Yes,Yes,Yes,KHI
36575,Dang dang,Karachi,Less than 5,Single Outlet,Yes,Yes,It never crossed my mind to have such a system,"Both, English & Urdu",Yearly plan, (Depend on the machineee ),Yes,Mobile data,Sometimes,Web-based,Yes,Yes,Yes,Yes,KHI
35804,Mashallah battery,Karachi,Less than 5,Single Outlet,Yes,No,Don’t want to spend money,"Both, English & Urdu",Onetime payment, (5000),No,Not available,No internet,Standalone,No,Yes,Yes,No,KHI
37344,Mansoor Play store,Karachi,Less than 5,Single Outlet,Yes,Yes,I am happy with how my business is managed presently,"Both, English & Urdu",Onetime payment, (20000),No,No,No internet,Web-based,Yes,No,Yes,Yes,KHI
36607,A.M Garments,Karachi,Less than 5,Single Outlet,Yes,Yes,I don't know,English,Yearly plan, (12000),No,N/A,No internet,Standalone,Yes,No,Yes,Yes,KHI
36607,Designer view,Karachi,Less than 5,Single Outlet,No,No,I am happy with how my business is managed presently,English,Monthly recurring, (1000),No,N/A,No internet,Standalone,Yes,No,Yes,No,KHI
35804,Abeera traders,Karachi,Less than 5,Single Outlet,Yes,No,Don’t want to spend money,"Both, English & Urdu",Onetime payment, (5000),No,Not available,No internet,Web-based,Yes,No,Yes,No,KHI
36607,Max-II,Karachi,Less than 5,Single Outlet,Yes,No,I am happy with how my business is managed presently,Urdu,Monthly recurring, (700),No,N/A,No internet,Standalone,No,No,Yes,No,KHI
35804,Subhanallah mini mart,Karachi,Less than 5,Multiple outlets,Yes,No,It never crossed my mind to have such a system,"Both, English & Urdu",Monthly recurring, (2000),No,Not available,No internet,Web-based,Yes,Yes,No,Yes,KHI
37344,M&S studio,Karachi,Less than 5,Single Outlet,Yes,Yes,I am happy with how my business is managed presently,"Both, English & Urdu",Onetime payment, (15000),Yes,PTCL Charji,A lot,Web-based,Yes,Yes,No,Yes,KHI
35804,Qadir communication,Karachi,Less than 5,Single Outlet,Yes,No,Don’t want to spend money,"Both, English & Urdu",Onetime payment, (3000),Yes,Delta network,Sometimes,Standalone,No,No,Yes,No,KHI
36607,Fashion world,Karachi,Less than 5,Single Outlet,Yes,No,I don't know,English,Onetime payment, (10000),Yes,Ptcl,A lot,Standalone,Yes,Yes,Yes,No,KHI
37344,Al Noor Parda Cloth House,Karachi,Less than 5,Single Outlet,Yes,Yes,I am happy with how my business is managed presently,"Both, English & Urdu",Onetime payment, (15000),No,Not Availible,Never,Web-based,Yes,Yes,Yes,Yes,KHI
32117,Time Zone,Karachi,Less than 5,Single Outlet,Yes,No,I am happy with how my business is managed presently,English,Monthly recurring, (Depend on System),No,Mobile Data,A lot,Web-based,Yes,No,No,No,KHI
37344,Bin Saeed Outlet,Karachi,Less than 5,Multiple outlets,Yes,Yes,I have reservations with technology,"Both, English & Urdu",Onetime payment, (15000),No,Not availible,A lot,Web-based,Yes,Yes,Yes,Yes,KHI
37472,hashim med str,isb,Less than 5,Single Outlet,Yes,No,I don't know,English,Onetime payment, (0000),Yes,zong,Little,Standalone,No,No,Yes,No,ISL
32117,Armitron,Karachi,More than 10,Chain,Yes,Yes,I am happy with how my business is managed presently,"Both, English & Urdu",Monthly recurring, (Depend on System),No,No internet,No internet,Standalone,No,No,No,No,KHI
36575,Mahal al mushk,Karachi,Less than 5,Single Outlet,Yes,Yes,It never crossed my mind to have such a system,"Both, English & Urdu",Yearly plan,,Yes,No net,No internet,Web-based,Yes,Yes,Yes,Yes,KHI
37344,Maymar Time Medicos,Karachi,Less than 5,Single Outlet,Yes,Yes,I have reservations with technology,"Both, English & Urdu",Onetime payment, (15000),No,Not Availible,No internet,Web-based,Yes,No,Yes,Yes,KHI
30859,Ch furniture,Islamabad,More than 5 but less than 10,Multiple outlets,Yes,No,"Don’t want to spend money, I am happy with how my business is managed presently, I have reservations with technology","Both, English & Urdu",Monthly recurring, (5000),Yes,Sim data,No internet,Web-based,Yes,Yes,Yes,Yes,ISL
37344,Three Brothers Gift,Karachi,Less than 5,Single Outlet,Yes,Yes,"Don’t want to spend money, I am happy with how my business is managed presently","Both, English & Urdu",Onetime payment, (15000),No,Not availible,No internet,Web-based,Yes,Yes,Yes,Yes,KHI
769,Pishawari Ice Cream,Karachi,More than 5 but less than 10,Multiple outlets,No,No,I am happy with how my business is managed presently,Urdu,Onetime payment, (25000),No,No internet,No internet,Standalone,Yes,No,Yes,No,KHI
36585,izat wali,rawar pindi,Less than 5,Single Outlet,Yes,No,Tax purposes,English,Yearly plan, (yerly),Yes,wafi,Sometimes,Web-based,Yes,No,Yes,Yes,RWP
37344,Sameer Brothers,Karachi,Less than 5,Single Outlet,Yes,Yes,I am happy with how my business is managed presently,"Both, English & Urdu",Onetime payment, (25000),Yes,Ptcl,Sometimes,Web-based,No,No,Yes,Yes,KHI
36585,mosin ali,rawalpindi,Less than 5,Single Outlet,Yes,No,I have reservations with technology,English,Yearly plan,,Yes,wafi,Never,Web-based,No,No,Yes,No,RWP
36585,mehertaj,rawal pindi,Less than 5,Single Outlet,Yes,No,I don't know,English,Yearly plan, (yerly),No,no,No internet,Standalone,Yes,No,Yes,Yes,RWP
37344,Bin anwar cosmetics,Karachi,Less than 5,Single Outlet,Yes,Yes,I am happy with how my business is managed presently,"Both, English & Urdu",Onetime payment, (15000),Yes,Connect,Sometimes,Web-based,Yes,Yes,Yes,Yes,KHI
769,Rahbar School,Karachi,More than 10,Single Outlet,No,No,I have reservations with technology,English,Onetime payment, (Depands on POS system),Yes,Fariya Net,Little,Standalone,Yes,Yes,Yes,No,KHI
36585,suliman shah,rawal pindi,Less than 5,Single Outlet,Yes,Yes,Tax purposes,English,Yearly plan, (yearly),Yes,wafi,Sometimes,Web-based,Yes,No,Yes,Yes,RWP
37344,Computer smart,Karachi,Less than 5,Single Outlet,Yes,No,I am happy with how my business is managed presently,"Both, English & Urdu",Onetime payment, (25000),No,No internet,No internet,Web-based,Yes,Yes,Yes,Yes,KHI
36585,tahar asim,rawal pindi,Less than 5,Single Outlet,Yes,No,I don't know,English,Yearly plan, (yearly),Yes,data,Never,Web-based,Yes,Yes,Yes,Yes,RWP
769,Warsi Book Center,Karachi,Less than 5,Multiple outlets,No,No,Don’t want to spend money,"Both, English & Urdu",Onetime payment, (20000),Yes,Fariya,A lot,Standalone,No,No,Yes,No,KHI
36585,abdul razak,rawar pindi,Less than 5,Single Outlet,Yes,Yes,I don't know,English,Yearly plan, (yearly),Yes,wafi,Sometimes,Web-based,Yes,No,Yes,Yes,RWP
36585,abdul hadi,rawalpindi,Less than 5,Single Outlet,Yes,No,I don't know,English,Yearly plan, (yearly),Yes,wafi,Never,Web-based,No,No,Yes,Yes,RWP
37344,IR Communication,Karachi,Less than 5,Single Outlet,Yes,Yes,I am happy with how my business is managed presently,"Both, English & Urdu",Onetime payment, (15000),No,Not availible,No internet,Web-based,Yes,Yes,Yes,Yes,KHI
36585,muhammad waseem,rawal pindi,Less than 5,Single Outlet,Yes,No,I don't know,English,Yearly plan, (yearly),Yes,wafi,Sometimes,Web-based,Yes,No,Yes,No,RWP
36585,mushtaq,rawal pindi,Less than 5,Single Outlet,Yes,No,Tax purposes,English,Yearly plan, (yesrly),Yes,data,Sometimes,Web-based,Yes,No,Yes,No,RWP
36585,muhammad jhangir,rawal pindi,Less than 5,Single Outlet,Yes,No,Tax purposes,English,Yearly plan, (yearly),No,no,No internet,Web-based,Yes,No,Yes,No,RWP
34243,Khayaban pharmacy,Rawalpindi,Less than 5,Single Outlet,No,No,I am happy with how my business is managed presently,English,Monthly recurring, (12000),Yes,PTCL,Little,Web-based,Yes,No,Yes,No,RWP
36585,subhan,rawal pindi,Less than 5,Single Outlet,Yes,No,I don't know,English,Yearly plan, (yearly),Yes,wafi,Sometimes,Web-based,Yes,No,No,Yes,RWP
34243,Taskeen tada,Rawalpindi,Less than 5,Single Outlet,Yes,No,I don't know,English,Yearly plan, (30000),No,"NA",No internet,Web-based,Yes,No,Yes,Yes,RWP
34243,Basheer arts,Rawalpindi,Less than 5,Single Outlet,Yes,No,I don't know,English,Yearly plan, (30000),Yes,Sim Data,Never,Web-based,Yes,No,Yes,Yes,RWP
769,Ideal Optics,Karachi,Less than 5,Single Outlet,No,No,I have reservations with technology,English,Yearly plan, (Not sure),No,No internet,No internet,Standalone,No,No,Yes,No,KHI
36585,sajid,رول pindi,Less than 5,Single Outlet,Yes,Yes,I don't know,English,Yearly plan, (yerly),Yes,wafi,Never,Web-based,Yes,Yes,Yes,Yes,RWP
36585,محمّد youcf,rawalindi,Less than 5,Single Outlet,Yes,No,Tax purposes,English,Yearly plan, (yearly),No,no,No internet,Web-based,No,No,Yes,Yes,RWP
34243,Akbar khattak super Store,Rawalpindi,Less than 5,Single Outlet,Yes,No,I don't know,English,Yearly plan, (10000),No,"NA",No internet,Web-based,Yes,No,Yes,No,RWP
36585,akhtar,رول pindi,Less than 5,Single Outlet,Yes,Yes,I don't know,English,Yearly plan, (yearly),No,no,No internet,Standalone,No,No,Yes,No,RWP
34243,Abdullah juices,Rawalpindi,Less than 5,Single Outlet,Yes,No,I don't know,Urdu,Yearly plan, (15000),No,"NA",No internet,Web-based,Yes,No,Yes,Yes,RWP
36585,عامر khan,رول pindi,Less than 5,Single Outlet,Yes,Yes,I don't know,English,Yearly plan, (yearly),Yes,wafi,Sometimes,Web-based,No,No,Yes,No,RWP
34243,Pakistan stationary,Rawalpindi,Less than 5,Single Outlet,Yes,No,I don't know,English,Yearly plan, (8000),No,"NA",No internet,Web-based,Yes,No,Yes,No,RWP
37472,itihaat khatak,rawalindi,Less than 5,Chain,Yes,Yes,I am happy with how my business is managed presently,English,Monthly recurring, (one time pyment),No,not use net,Never,Web-based,Yes,No,Yes,No,RWP
34243,Kamran sweets,Rawalpindi,Less than 5,Multiple outlets,Yes,No,I don't know,English,Yearly plan, (10000),No,"NA",No internet,Web-based,Yes,No,Yes,Yes,RWP
34243,Sulehri medical store,Rawalpindi,Less than 5,Single Outlet,Yes,No,I don't know,English,Yearly plan, (5000),No,"NA",No internet,Web-based,Yes,Yes,Yes,Yes,RWP
37472,almadina jernal store,rawalpindi,Less than 5,Single Outlet,Yes,Yes,I am happy with how my business is managed presently,English,Monthly recurring, (i dont now),No,not use net,Never,Standalone,Yes,No,Yes,No,RWP
30859,Shani mobile network,Islamabad,Less than 5,Multiple outlets,Yes,Yes,"Don’t want to spend money, I am happy with how my business is managed presently, I have reservations with technology","Both, English & Urdu",Monthly recurring, (4000),Yes,Ptcl device,Little,Web-based,Yes,No,Yes,No,ISL
37472,al saad chemist,rawalindi,Less than 5,Single Outlet,Yes,Yes,I am happy with how my business is managed presently,English,Monthly recurring, (monthly recurring),No,not use internet,Never,Standalone,Yes,No,Yes,No,RWP
30859,Rehman traders,Islamabad,Less than 5,Single Outlet,Yes,Yes,"Don’t want to spend money, I am happy with how my business is managed presently, I have reservations with technology","Both, English & Urdu",Monthly recurring, (2000),No,No access,No internet,Web-based,Yes,No,Yes,Yes,ISL
36585,محمّد saifulllah,رول pindi,Less than 5,Single Outlet,Yes,No,I don't know,English,Yearly plan, (yearly),Yes,wafi,Sometimes,Web-based,Yes,No,Yes,No,RWP
30859,Chaudhary general store,Islamabad,Less than 5,Single Outlet,Yes,Yes,"Don’t want to spend money, I am happy with how my business is managed presently, I have reservations with technology","Both, English & Urdu",Monthly recurring, (4000),Yes,Sim data,Little,Web-based,Yes,No,Yes,Yes,ISL
37472,midina jrnal store,rawalpindi,Less than 5,Single Outlet,No,No,I am happy with how my business is managed presently,Urdu,Yearly plan, (i will thinking),No,not use net,Never,Standalone,No,No,Yes,No,RWP
36585,malik faizan,rawal pindi,Less than 5,Single Outlet,Yes,No,I don't know,English,Yearly plan, (yearly),Yes,wafi,Sometimes,Web-based,Yes,No,No,Yes,RWP
30859,Satti general store,Islamabad,Less than 5,Single Outlet,Yes,Yes,"Don’t want to spend money, I am happy with how my business is managed presently, I have reservations with technology","Both, English & Urdu",Monthly recurring, (1000),Yes,Ptcl,Little,Web-based,Yes,No,Yes,Yes,ISL
30859,Rehman traders,Islamabad,Less than 5,Single Outlet,Yes,Yes,"Don’t want to spend money, I am happy with how my business is managed presently, I have reservations with technology","Both, English & Urdu",Monthly recurring, (2000),No,No internet connection,No internet,Web-based,Yes,No,Yes,Yes,ISL
30859,Chaudhary general store,Islamabad,Less than 5,Single Outlet,Yes,Yes,"Don’t want to spend money, I am happy with how my business is managed presently, I have reservations with technology","Both, English & Urdu",Monthly recurring, (3000),Yes,Sim data,Little,Web-based,Yes,No,Yes,Yes,ISL
30859,Shani mobile zone,Islamabad,Less than 5,Multiple outlets,Yes,Yes,"Don’t want to spend money, I am happy with how my business is managed presently, I have reservations with technology","Both, English & Urdu",Monthly recurring, (3000),Yes,Ptcl device,Little,Web-based,Yes,No,Yes,Yes,ISL
30859,Bajwa autos,Rawalpindi,Less than 5,Single Outlet,Yes,Yes,"Don’t want to spend money, I am happy with how my business is managed presently, I have reservations with technology","Both, English & Urdu",Monthly recurring, (4000),Yes,Sim data,Little,Web-based,Yes,Yes,Yes,Yes,RWP
769,Sunset Lab,Karachi,Less than 5,Multiple outlets,No,No,I am happy with how my business is managed presently,English,Onetime payment, (Not confirmed),Yes,Five Star Cable Net,Little,Standalone,No,No,Yes,No,KHI
30859,Bismillah general store,Islamabad,Less than 5,Single Outlet,Yes,Yes,"Don’t want to spend money, I am happy with how my business is managed presently, I have reservations with technology","Both, English & Urdu",Monthly recurring, (2000),Yes,Sim data,Little,Web-based,Yes,No,Yes,Yes,ISL
30859,Friends sofa center,Islamabad,Less than 5,Single Outlet,Yes,Yes,"Don’t want to spend money, I am happy with how my business is managed presently, I have reservations with technology","Both, English & Urdu",Monthly recurring, (3000),Yes,Sim data,Never,Web-based,Yes,Yes,Yes,Yes,ISL
37472,abbaasi treder,rawalpindi,Less than 5,Single Outlet,No,Yes,I am happy with how my business is managed presently,Urdu,Monthly recurring, (monthly  recurring),No,not use net,No internet,Standalone,Yes,No,Yes,No,RWP
30859,Awan garments,Islamabad,Less than 5,Single Outlet,Yes,Yes,"Don’t want to spend money, I am happy with how my business is managed presently, I have reservations with technology","Both, English & Urdu",Monthly recurring, (4000),Yes,Sim data,Never,Web-based,Yes,Yes,Yes,Yes,ISL
30859,Khan autos and spare parts,Mansehra,Less than 5,Single Outlet,Yes,Yes,"Don’t want to spend money, I am happy with how my business is managed presently, I have reservations with technology","Both, English & Urdu",Monthly recurring, (5000),Yes,Sim data,Never,Web-based,Yes,Yes,Yes,Yes,MNS
30859,Ideal mobile zone,Islamabad,Less than 5,Single Outlet,Yes,Yes,"Don’t want to spend money, I am happy with how my business is managed presently, I have reservations with technology","Both, English & Urdu",Monthly recurring, (4000),Yes,Ptcl device,Never,Web-based,Yes,No,Yes,Yes,ISL
30859,Ch photostate,Islamabad,Less than 5,Single Outlet,Yes,Yes,"Don’t want to spend money, I am happy with how my business is managed presently, I have reservations with technology","Both, English & Urdu",Monthly recurring, (5000),Yes,Witribe device,Never,Web-based,Yes,Yes,Yes,Yes,ISL
30859,Awan gaming zone,Islamabad,Less than 5,Single Outlet,Yes,Yes,"Don’t want to spend money, I am happy with how my business is managed presently, I have reservations with technology","Both, English & Urdu",Monthly recurring, (2000),Yes,Sim data,Sometimes,Web-based,No,No,Yes,No,ISL
769,Ambala Sweets and Bakers,Karachi,Less than 5,Multiple outlets,No,No,I have reservations with technology,English,Onetime payment, (Not have right to communicate),No,No,No internet,Standalone,No,No,No,No,KHI
36585,arif khan,rawal pindi,Less than 5,Single Outlet,Yes,No,I don't know,English,Yearly plan, (yearly),Yes,wafi,Sometimes,Web-based,Yes,No,Yes,Yes,RWP
36585,siraj khan,rawal pindi,Less than 5,Single Outlet,Yes,No,I don't know,English,Yearly plan, (yearly),Yes,wafi,Never,Web-based,Yes,No,Yes,Yes,RWP
36585,usman,islamabad,Less than 5,Single Outlet,Yes,No,Tax purposes,English,Yearly plan, (yearly),Yes,wafi,Sometimes,Web-based,Yes,No,Yes,No,ISL
36585,adnan babar,islamabad,Less than 5,Single Outlet,Yes,No,I don't know,English,Yearly plan, (yearly),Yes,wafi,Sometimes,Web-based,No,No,Yes,Yes,ISL
34314,New Shop College Book Depot,Rawalpindi,Less than 5,Single Outlet,Yes,No,I am happy with how my business is managed presently,"Both, English & Urdu",Monthly recurring, (50000),Yes,nayatel,Sometimes,Standalone,Yes,No,No,No,RWP
34314,Hamdani Book Shop,Rawalpindi,Less than 5,Single Outlet,Yes,No,I am happy with how my business is managed presently,"Both, English & Urdu",Yearly plan, (50000),Yes,PTCL,Sometimes,Standalone,Yes,Yes,Yes,No,RWP
36585,muzambil mehmood,rawal pindi,Less than 5,Single Outlet,Yes,No,I don't know,English,Yearly plan, (yearly),Yes,wafi,Never,Web-based,Yes,No,Yes,No,RWP
10182,Fragrance Gallery,Karachi,Less than 5,Single Outlet,Yes,Yes,I am happy with how my business is managed presently,English,Monthly recurring, (1000),Yes,Local Internet,Sometimes,Standalone,Yes,No,Yes,Yes,KHI
34314,Ayan school bag & leather Jacket,Rawalpindi,More than 5 but less than 10,Single Outlet,Yes,Yes,It never crossed my mind to have such a system,"Both, English & Urdu",Yearly plan, (40000),No,Na,No internet,Standalone,No,No,No,No,RWP
10182,Global trading agency,Karachi,More than 5 but less than 10,Single Outlet,Yes,Yes,It never crossed my mind to have such a system,English,Monthly recurring, (1500),Yes,Local Internet,Little,Standalone,Yes,No,Yes,Yes,KHI
34314,Malik Hardware & Paint Store,Rawalpindi,Less than 5,Single Outlet,Yes,No,I don't know,"Both, English & Urdu",Yearly plan, (50000),No,N/A,No internet,Standalone,Yes,No,No,No,RWP
10182,Haris Traders,Karachi,Less than 5,Single Outlet,Yes,Yes,I am happy with how my business is managed presently,English,Yearly plan, (18000),No,No internet,No internet,Standalone,No,No,Yes,No,KHI
34314,Universal Paint & hardware Store,Rawalpindi,Less than 5,Single Outlet,Yes,No,I am happy with how my business is managed presently,"Both, English & Urdu",Yearly plan, (50000),Yes,PTCL,Sometimes,Standalone,Yes,Yes,Yes,No,RWP
36585,faizan ali,rawalpindi,Less than 5,Single Outlet,Yes,No,I don't know,English,Yearly plan, (yearly),Yes,wafi,Never,Web-based,Yes,Yes,Yes,No,RWP
34314,Yanba Botique,Rawalpindi,Less than 5,Single Outlet,Yes,No,I am happy with how my business is managed presently,"Both, English & Urdu",Yearly plan, (50000),No,No Internet,Sometimes,Standalone,Yes,Yes,Yes,No,RWP
36585,shameer ali,rawal pindi,Less than 5,Single Outlet,Yes,No,I don't know,English,Yearly plan, (yearly),Yes,wafi,Sometimes,Web-based,No,No,Yes,No,RWP
34314,Zubair old books,Rawalpindi,Less than 5,Single Outlet,Yes,No,I am happy with how my business is managed presently,"Both, English & Urdu",Yearly plan, (25000),No,"NA",No internet,Standalone,No,No,No,No,RWP
34314,Husnain Shop & garments,Rawalpindi,Less than 5,Single Outlet,Yes,No,I am happy with how my business is managed presently,"Both, English & Urdu",Yearly plan, (50000),No,No Internet,Sometimes,Standalone,No,Yes,Yes,No,RWP
36585,azaaz ahmad,rawal pindi,Less than 5,Single Outlet,Yes,No,I don't know,English,Monthly recurring, (monthly),Yes,wafi,Sometimes,Web-based,Yes,No,Yes,Yes,RWP
34314,Butt Brother School College Uniform,Rawalpindi,Less than 5,Single Outlet,Yes,No,I am happy with how my business is managed presently,"Both, English & Urdu",Yearly plan, (50000),No,No Internet,Sometimes,Standalone,Yes,Yes,Yes,No,RWP
34314,Chinar Fabrics,Rawalpindi,More than 5 but less than 10,Single Outlet,Yes,No,I am happy with how my business is managed presently,English,Yearly plan, (25000),No,"NA",No internet,Standalone,Yes,No,No,No,RWP
34314,Jameel Stationary and Binding,Rawalpindi,Less than 5,Single Outlet,Yes,No,I am happy with how my business is managed presently,"Both, English & Urdu",Yearly plan, (50000),No,No Internet,Sometimes,Standalone,Yes,Yes,Yes,No,RWP
34314,Lass corner and fabrics,Rawalpindi,Less than 5,Single Outlet,Yes,No,I am happy with how my business is managed presently,"Both, English & Urdu",Yearly plan, (50000),No,No Internet,Sometimes,Standalone,Yes,Yes,Yes,No,RWP
34314,Bin Aslam Fabrics,Rawalpindi,Less than 5,Single Outlet,Yes,Yes,I don't know,English,Yearly plan, (30000),No,"NA",No internet,Standalone,Yes,No,No,No,RWP
34314,Al Mustafa book Center,Rawalpindi,Less than 5,Single Outlet,Yes,No,I am happy with how my business is managed presently,"Both, English & Urdu",Yearly plan, (50000),No,No Internet,Sometimes,Standalone,Yes,Yes,Yes,No,RWP
34314,malik Sports and Toys,Rawalpindi,Less than 5,Single Outlet,Yes,No,I am happy with how my business is managed presently,"Both, English & Urdu",Yearly plan, (50000),No,No Internet,Sometimes,Standalone,Yes,Yes,Yes,No,RWP
34314,Al feroz men's wear,Rawalpindi,Less than 5,Single Outlet,Yes,Yes,I am happy with how my business is managed presently,"Both, English & Urdu",Yearly plan, (35000),No,Na,No internet,Standalone,No,No,No,No,RWP
34314,kashif Garments,Rawalpindi,Less than 5,Single Outlet,Yes,No,"I am happy with how my business is managed presently, I have reservations with technology","Both, English & Urdu",Yearly plan, (35000),No,No Internet,No internet,Standalone,Yes,Yes,Yes,No,RWP
34314,Rockstar Garments,Rawalpindi,Less than 5,Single Outlet,Yes,Yes,I am happy with how my business is managed presently,English,Yearly plan, (40000),No,Na,No internet,Standalone,No,No,No,No,RWP
34314,Sadiq Son's photostate & stationers,Rawalpindi,Less than 5,Single Outlet,Yes,Yes,I am happy with how my business is managed presently,"Both, English & Urdu",Yearly plan, (35000),Yes,Nayatel,Sometimes,Standalone,No,No,Yes,No,RWP
34314,Al Rehman Store,Rawalpindi,Less than 5,Single Outlet,Yes,No,I am happy with how my business is managed presently,"Both, English & Urdu",Yearly plan, (60000),Yes,PTCL,Little,Standalone,Yes,Yes,Yes,No,RWP
34314,Al Hassan Gift & Toys,Rawalpindi,Less than 5,Single Outlet,Yes,No,I am happy with how my business is managed presently,"Both, English & Urdu",Yearly plan, (50000),No,No Internet,Sometimes,Standalone,Yes,Yes,Yes,No,RWP
34314,Ahsan International baig house,Rawalpindi,Less than 5,Single Outlet,Yes,Yes,I am happy with how my business is managed presently,"Both, English & Urdu",Yearly plan, (50000),No,Na,Little,Standalone,No,No,No,No,RWP
34314,Saqib Brother with uniform & Garments,Rawalpindi,Less than 5,Single Outlet,Yes,Yes,I am happy with how my business is managed presently,"Both, English & Urdu",Yearly plan, (40000),No,Na,No internet,Standalone,No,No,Yes,No,RWP
34314,Ghalib Garments,Rawalpindi,Less than 5,Single Outlet,Yes,Yes,I don't know,"Both, English & Urdu",Yearly plan, (40000),No,Na,No internet,Standalone,No,No,No,No,RWP
34314,Baba Khusa,Rawalpindi,Less than 5,Multiple outlets,Yes,No,I am happy with how my business is managed presently,"Both, English & Urdu",Yearly plan, (50000),No,Na,No internet,Standalone,No,No,No,No,RWP
30859,Iram pak dry cleaner,Islamabad,Less than 5,Single Outlet,Yes,Yes,"Don’t want to spend money, I am happy with how my business is managed presently, I have reservations with technology","Both, English & Urdu",Monthly recurring, (3000),Yes,Ptcl,Never,Web-based,Yes,Yes,Yes,Yes,ISL
30859,Satti general store,Islamabad,Less than 5,Single Outlet,Yes,Yes,"Don’t want to spend money, I am happy with how my business is managed presently","Both, English & Urdu",Monthly recurring, (1000),No,No internet,No internet,Web-based,Yes,No,Yes,Yes,ISL
30859,Pak kashmir general store,Islamabad,Less than 5,Single Outlet,Yes,Yes,"Don’t want to spend money, I am happy with how my business is managed presently, I have reservations with technology","Both, English & Urdu",Monthly recurring, (2000),No,No internet,No internet,Web-based,Yes,No,Yes,Yes,ISL
30859,Qureshi gas filling center,Islamabad,Less than 5,Single Outlet,Yes,Yes,"Don’t want to spend money, I am happy with how my business is managed presently, I have reservations with technology","Both, English & Urdu",Monthly recurring, (2000),Yes,Sim data,Little,Web-based,Yes,No,Yes,Yes,ISL
30859,Bismillah bakers and genral store,Islamabad,Less than 5,Single Outlet,Yes,Yes,"Don’t want to spend money, I am happy with how my business is managed presently","Both, English & Urdu",Monthly recurring, (2000),Yes,Sim data,Sometimes,Web-based,Yes,No,Yes,Yes,ISL
30859,Bismillah milk shop,Islamabad,Less than 5,Single Outlet,Yes,Yes,"Don’t want to spend money, I am happy with how my business is managed presently","Both, English & Urdu",Monthly recurring, (2000),Yes,Sim data,Sometimes,Web-based,Yes,No,Yes,Yes,ISL
30859,Bhatti hair dresser,Islamabad,Less than 5,Single Outlet,Yes,Yes,"Don’t want to spend money, I am happy with how my business is managed presently, I have reservations with technology","Both, English & Urdu",Monthly recurring, (2000),Yes,Sim data,Sometimes,Web-based,Yes,No,Yes,Yes,ISL
30859,Mandi bhauddin general store,Islamabad,Less than 5,Single Outlet,Yes,Yes,"Don’t want to spend money, I am happy with how my business is managed presently, I have reservations with technology","Both, English & Urdu",Monthly recurring, (5000),Yes,Sim data,Sometimes,Web-based,Yes,No,Yes,Yes,ISL
30859,Pakistan general store,Islamabad,Less than 5,Single Outlet,Yes,Yes,"Don’t want to spend money, I am happy with how my business is managed presently, It never crossed my mind to have such a system","Both, English & Urdu",Monthly recurring, (3000),No,No internet,No internet,Web-based,No,No,Yes,Yes,ISL
36585,zain,islamabad,Less than 5,Single Outlet,Yes,No,I don't know,English,Yearly plan, (yesrly),Yes,wafi,Sometimes,Web-based,Yes,No,Yes,Yes,ISL
36750,The Engineers,Rawalpindi,More than 10,Multiple outlets,Yes,Yes,I am happy with how my business is managed presently,"Both, English & Urdu",Monthly recurring, (Monthly),Yes,Nayatel,Never,Web-based,Yes,Yes,Yes,Yes,RWP
36585,WASEEM AKATAR,islamabad,Less than 5,Single Outlet,Yes,No,I don't know,English,Yearly plan, (yearly),Yes,wafi,Sometimes,Web-based,No,No,No,Yes,ISL
36585,hamza,rawalpindi,Less than 5,Single Outlet,Yes,No,I don't know,English,Yearly plan, (yearly),No,no,No internet,Web-based,Yes,No,Yes,Yes,RWP
36585,haziq,rawalpindi,Less than 5,Single Outlet,Yes,No,Tax purposes,English,Yearly plan, (yearly),Yes,wafi,Sometimes,Web-based,No,No,Yes,Yes,RWP
33940,Strat trader,Karachi,Less than 5,Single Outlet,Yes,Yes,I am happy with how my business is managed presently,Urdu,Onetime payment, (N/A),No,N/A,No internet,Standalone,Yes,No,No,Yes,KHI
33940,Rahmani,Karachi,Less than 5,Single Outlet,Yes,Yes,I am happy with how my business is managed presently,Urdu,Onetime payment, (Na),No,n/a,Never,Standalone,Yes,No,No,Yes,KHI
33940,Alim,Karachi,Less than 5,Single Outlet,Yes,Yes,I don't know,Urdu,Onetime payment, (n/a),No,Na,Never,Standalone,No,No,No,No,KHI
33940,Alal bakrs & clod,Karachi,More than 5 but less than 10,Single Outlet,Yes,No,I don't know,Urdu,Monthly recurring, (Credit),No,N/a,No internet,Standalone,No,No,No,Yes,KHI
36585,SAFDAR ALI,islamabad,Less than 5,Single Outlet,Yes,No,Tax purposes,English,Yearly plan, (yearly),Yes,wafi,Sometimes,Web-based,No,No,Yes,Yes,ISL
33940,Mari barks,Karachi,Less than 5,Single Outlet,Yes,Yes,It never crossed my mind to have such a system,Urdu,Onetime payment, (N/A),No,Not available,No internet,Standalone,No,No,No,Yes,KHI
33940,Al Madina bakri,Karachi,Less than 5,Single Outlet,Yes,Yes,"I don't know, It never crossed my mind to have such a system",Urdu,Onetime payment, (n/a),No,Not available,No internet,Standalone,No,No,No,No,KHI
37472,islamabad jrnal stor,islamabad,Less than 5,Single Outlet,Yes,Yes,I am happy with how my business is managed presently,Urdu,Monthly recurring, (monthly),No,not use net,No internet,Standalone,No,No,Yes,No,ISL
37472,grace fabric,islamabad,Less than 5,Single Outlet,Yes,Yes,I am happy with how my business is managed presently,Urdu,Monthly recurring, (monthly),Yes,not use net,No internet,Standalone,No,No,Yes,No,ISL
37472,zahid paint hardver,rawalpindi,Less than 5,Single Outlet,No,Yes,I am happy with how my business is managed presently,Urdu,Monthly recurring, (monthly),No,not use,No internet,Standalone,Yes,Yes,Yes,No,RWP
32117,First Choice,Karachi,Less than 5,Single Outlet,Yes,No,I am happy with how my business is managed presently,English,Monthly recurring,,No,No Internet,No internet,Web-based,No,No,No,No,KHI
37472,saqib medical store,rawalpindi,Less than 5,Single Outlet,Yes,Yes,I am happy with how my business is managed presently,English,Monthly recurring, (monthly pyment),No,not use net,No internet,Standalone,Yes,No,Yes,No,RWP
37472,ayaan paint shop,rawalpindi,Less than 5,Single Outlet,Yes,Yes,I am happy with how my business is managed presently,Urdu,Monthly recurring, (monthly),No,not net,No internet,Standalone,Yes,Yes,Yes,Yes,RWP
37472,human care pharmacy,rawalpindi,Less than 5,Single Outlet,Yes,Yes,Don’t want to spend money,English,Monthly recurring, (monthly),No,not use net,No internet,Standalone,Yes,Yes,Yes,Yes,RWP
37472,new apular paint,rawalpindi,Less than 5,Single Outlet,Yes,Yes,"I am happy with how my business is managed presently, Tax purposes",English,Monthly recurring, (monthly easy pyment),No,not use,No internet,Standalone,Yes,Yes,Yes,Yes,RWP
37472,new almadina chemist,rawalpindi near banzeer hospital,Less than 5,Single Outlet,Yes,Yes,I am happy with how my business is managed presently,English,Monthly recurring, (monthly),Yes,wifi net,Little,Standalone,Yes,Yes,Yes,Yes,RWP
37472,reman chemist,rawalpindi,Less than 5,Single Outlet,Yes,Yes,I don't know,English,Monthly recurring, (monthly),Yes,nayatel,Never,Standalone,Yes,No,No,Yes,RWP
37472,ali lab,rawalpindi,Less than 5,Single Outlet,Yes,Yes,I don't know,English,Monthly recurring, (monthly),Yes,ptcl,Never,Standalone,Yes,Yes,Yes,Yes,RWP
36585,sardar zeshan,rawal pindi,Less than 5,Single Outlet,Yes,No,I don't know,English,Yearly plan, (yearly),Yes,wafi,Sometimes,Web-based,Yes,No,Yes,Yes,RWP
36585,faruq shah,rawal pindi,Less than 5,Single Outlet,Yes,No,I don't know,English,Yearly plan, (yearly),Yes,wafi,Sometimes,Web-based,Yes,No,Yes,Yes,RWP
36585,sardar fahad,rawal pindi,Less than 5,Single Outlet,Yes,No,Tax purposes,English,Yearly plan, (yearly),Yes,wafi,Sometimes,Web-based,Yes,No,Yes,Yes,RWP
36585,sherbaz khan,rawal pindi,Less than 5,Single Outlet,Yes,Yes,I am happy with how my business is managed presently,English,Yearly plan, (yearly),No,no,No internet,Web-based,No,No,Yes,No,RWP
36585,azan khan,rawar pindi,Less than 5,Single Outlet,Yes,No,It never crossed my mind to have such a system,Urdu,Yearly plan, (yearly),No,no,No internet,Web-based,No,No,Yes,Yes,RWP
36585,saqline,rawar pindi,Less than 5,Single Outlet,Yes,No,I don't know,English,Monthly recurring, (monthly),Yes,wafi,Sometimes,Web-based,Yes,No,Yes,Yes,RWP
36585,jabbar shah,rawAr pindi,Less than 5,Single Outlet,Yes,No,I don't know,English,Yearly plan, (yealy),Yes,data,Sometimes,Web-based,Yes,No,Yes,Yes,RWP
36585,azhar shah,rawal pindi,Less than 5,Single Outlet,Yes,No,Tax purposes,English,Yearly plan, (yearly),Yes,wafi,Sometimes,Web-based,No,No,Yes,Yes,RWP
36585,aslam khan,rawal pindi,Less than 5,Single Outlet,Yes,No,I don't know,English,Yearly plan, (yearly),Yes,wafi,Sometimes,Web-based,Yes,No,Yes,Yes,RWP
36585,jumma khan,rawal pindi,Less than 5,Single Outlet,Yes,Yes,I don't know,English,Yearly plan, (yearly),Yes,wafi,Sometimes,Web-based,Yes,Yes,Yes,Yes,RWP
36585,musawar,rawal pindi,Less than 5,Single Outlet,Yes,No,I don't know,English,Yearly plan, (yearly),Yes,wafi,Sometimes,Web-based,Yes,No,Yes,Yes,RWP
36585,shameeer ali,rAwar pindi,Less than 5,Single Outlet,Yes,No,I don't know,English,Yearly plan, (yearly),Yes,wafi,Sometimes,Web-based,Yes,No,Yes,Yes,RWP
36585,mazhar gujjar,rawal pindi,Less than 5,Single Outlet,Yes,No,I don't know,English,Yearly plan, (yearly),Yes,wafi,Sometimes,Web-based,Yes,No,Yes,Yes,RWP
36585,malik ahmad,rawal pindi,Less than 5,Single Outlet,Yes,Yes,I don't know,English,Yearly plan, (yearly),Yes,wafi,Sometimes,Web-based,Yes,No,No,Yes,RWP
